{"eps":100.5,"min_samples":50,"metric":0,"dimensions":[2,30],"samples":[{"id":1,"features":[14.613844,18.467108,12.293495,10.763273,13.935154,14.231642,16.270184,16.210304,13.291559,16.514988]},{"id":1,"features":[11.528816,13.885166,17.212551,11.5440855,13.44389,15.893092,15.671022,12.023947,11.422762,14.536612]}]}